model,MAE,MSE,RMSE,R2
Polynomial Regression,4.223034183346306,28.22149195862666,5.312390418505276,0.8960277946975366
Gradient Boosting,4.278179290557753,29.446213354019125,5.426436524462359,0.8915157375551734
Linear Regression,4.232441229772681,30.172543037738407,5.492953944622002,0.8888398301614876
Random Forest,4.539505376657571,33.1434128928552,5.757031604295325,0.8778947004370938
Decision Tree,6.987943386840903,80.41195689497309,8.967271429759059,0.7037503012486432
