model,MAE,MSE,RMSE,R2
Polynomial Regression,4.207657248195798,28.663890626827783,5.353866885422889,0.8943979317114416
Linear Regression,4.231919417803728,29.95410295566971,5.47303416357597,0.889644596156582
Gradient Boosting,4.321155724573889,30.50994297464628,5.523580629867394,0.8875967982352999
Random Forest,4.514814029376016,32.69801080979468,5.718217450376882,0.8795356284535858
Decision Tree,6.975503663003662,77.37530277014652,8.796323252936224,0.7149377900802723
